,id,title,author,subreddit,score,num_comments,created_utc,url,selftext
0,1fm4tt7,"Trump to women: Stop ‘thinking about abortion.’ You’re broke and depressed, but I can make you happy",njdotcom,politics,6397,580,1726930463.0,https://www.nj.com/politics/2024/09/trump-to-women-youre-broke-and-depressed-but-i-can-make-you-happy.html,
1,1fm20ee,Vaporizing plastics recycles them into nothing but gas,AdSpecialist6598,technology,2282,354,1726922134.0,https://arstechnica.com/science/2024/09/vaporizing-plastics-recycles-them-into-nothing-but-gas/,
2,1flzkzc,"Voter registration is spiking, particularly among young adults",Cute-Perception2335,politics,12442,543,1726912812.0,https://www.usatoday.com/story/news/politics/elections/2024/09/21/young-voter-registration-breaking-records-swift/75306021007/,
3,1fm1pb1,America sort of likes Kamala Harris – and that might just be enough,flintflower,politics,5761,572,1726921097.0,https://www.businessinsider.com/kamala-harris-favorability-polls-reverse-trump-election-2024-9,
4,1fm0dyg,A dramatic rise in pregnant women dying in Texas after abortion ban,redditofthebanned,politics,5609,320,1726916190.0,https://www.nbcnews.com/health/womens-health/texas-abortion-ban-deaths-pregnant-women-sb8-analysis-rcna171631,
5,1flo3kf,Trump shares fake photo of Harris with Diddy in now-deleted Truth Social post,Fit-Requirement6701,technology,28914,1272,1726870487.0,https://www.nbcnews.com/news/amp/rcna171993,
6,1flu0k9,"The FCC wants all phones unlocked in sixty days, AT&T and T-Mobile aren't so keen on the plan",lurker_bee,technology,4010,281,1726889385.0,https://www.androidauthority.com/fcc-60-day-unlock-tmo-3483642/,
7,1fm2b60,Donald Trump Was 'Black Hole' for His Dad's Money: New Book Author,Coffee_n_wifi,politics,2713,182,1726923121.0,https://www.newsweek.com/donald-trump-black-hole-father-money-lucky-loser-book-1955593,
8,1flzpza,‘He is proud that women are dying?’: Harris blasts Trump for deadly Georgia abortion ban,Coffee_n_wifi,politics,3209,70,1726913379.0,https://www.msnbc.com/the-reidout/watch/vp-harris-on-deaths-linked-to-georgia-abortion-ban-trump-is-the-architect-of-this-crisis-219856453579,
9,1flkfr6,"Cards Against Humanity sues SpaceX, alleges “invasion” of land on US/Mexico border",tricksterloki,technology,20269,975,1726860693.0,https://arstechnica.com/tech-policy/2024/09/cards-against-humanity-sues-spacex-alleges-invasion-of-land-on-us-mexico-border/,
10,1flzwls,Trump’s shutdown push falls flat with Republicans ,malcolm58,politics,2154,115,1726914156.0,https://thehill.com/homenews/house/4891309-trump-shutdown-voting-government-funding-house-republicans/,
11,1flu8d7,Trump’s Electoral College Power Play in Nebraska Is a Troubling Sign of Things to Come | He’s already pressuring lawmakers to change the rules in his favor. Imagine if he loses.,newfrontier58,politics,8087,404,1726890168.0,https://www.motherjones.com/politics/2024/09/trumps-electoral-college-power-play-in-nebraska-is-a-troubling-sign-of-things-to-come/,
12,1fm00hi,"Joe Biden makes history by confirming 12th LGBTQ+ judge, the most of any presidency",Coffee_n_wifi,politics,2057,70,1726914615.0,https://www.lgbtqnation.com/2024/09/joe-biden-makes-history-by-confirming-12th-lgbtq-judge-the-most-of-any-presidency/,
13,1fm0hs3,"Seth Meyers on JD Vance: ‘He’s Ted Cruz 2.0 – less nasal, more eyeliner’",Coffee_n_wifi,politics,1841,58,1726916603.0,https://www.theguardian.com/culture/2024/sep/20/late-night-jd-vance-ted-cruz,
14,1fm292w,Former Snap design engineer on new AR glasses: 'Obviously bad',BlueLightStruct,technology,300,68,1726922929.0,https://finance.yahoo.com/news/former-snap-design-engineer-on-new-ar-glasses-obviously-bad-181408794.html,
15,1fm3yqe,Is Donald Trump a fascist?,superzepto,politics,914,358,1726927996.0,https://www.theguardian.com/us-news/2024/sep/21/is-donald-trump-a-fascist,
16,1fm0oz3,"Trump 'Is the Architect of This Crisis,' Says Harris of Women Killed by Abortion Bans",Coffee_n_wifi,politics,1509,29,1726917384.0,https://www.commondreams.org/news/kamala-harris-abortion,
17,1flk9q5,Cards Against Humanity is suing SpaceX for trespassing and filling its property with ‘space garbage’,esporx,technology,7402,255,1726860277.0,https://www.engadget.com/science/space/cards-against-humanity-is-suing-spacex-for-trespassing-and-filling-its-property-with-space-garbage-181828453.html,
18,1fm0w7k,Kamala Harris attacks Trump over ‘immoral’ abortion bans at Wisconsin rally,zsreport,politics,1106,60,1726918177.0,https://www.theguardian.com/us-news/2024/sep/20/kamala-harris-trump-abortion-wisconsin,
19,1fm4nxd,X Loses Battle to Protect Genshin Impact Leaker's First Amendment Anonymity * TorrentFreak,ardi62,technology,147,22,1726929992.0,https://torrentfreak.com/x-loses-battle-to-protect-genshin-impact-leakers-first-amendment-anonymity-240921/,
