id,title,author,subreddit,score,num_comments,created_utc,url,website_source,sub_categories
1fm4tt7,"Trump to women: Stop ‘thinking about abortion.’ You’re broke and depressed, but I can make you happy",njdotcom,politics,11395,944,2024-09-21 14:54:23,https://www.nj.com/politics/2024/09/trump-to-women-youre-broke-and-depressed-but-i-can-make-you-happy.html,www.nj.com,politics
1fm20ee,Vaporizing plastics recycles them into nothing but gas,AdSpecialist6598,technology,2953,406,2024-09-21 12:35:34,https://arstechnica.com/science/2024/09/vaporizing-plastics-recycles-them-into-nothing-but-gas/,arstechnica.com,science
1flzkzc,"Voter registration is spiking, particularly among young adults",Cute-Perception2335,politics,14515,595,2024-09-21 10:00:12,https://www.usatoday.com/story/news/politics/elections/2024/09/21/young-voter-registration-breaking-records-swift/75306021007/,www.usatoday.com,story
1fm1pb1,America sort of likes Kamala Harris – and that might just be enough,flintflower,politics,6607,638,2024-09-21 12:18:17,https://www.businessinsider.com/kamala-harris-favorability-polls-reverse-trump-election-2024-9,www.businessinsider.com,kamala-harris-favorability-polls-reverse-trump-election-2024-9
1fm0dyg,A dramatic rise in pregnant women dying in Texas after abortion ban,redditofthebanned,politics,6477,357,2024-09-21 10:56:30,https://www.nbcnews.com/health/womens-health/texas-abortion-ban-deaths-pregnant-women-sb8-analysis-rcna171631,www.nbcnews.com,health
1fm6yi5,"Harris accepts CNN debate invitation for October 23, again challenging Trump to another showdown",coasterghost,politics,2143,251,2024-09-21 16:32:15,https://www.cnn.com/2024/09/21/politics/presidential-debate-harris-trump-cnn?cid=ios_app,www.cnn.com,2024
1flo3kf,Trump shares fake photo of Harris with Diddy in now-deleted Truth Social post,Fit-Requirement6701,technology,29925,1313,2024-09-20 22:14:47,https://www.nbcnews.com/news/amp/rcna171993,www.nbcnews.com,news
1fm7czs,"Married RFK Jr., 70, Bragged He Had ‘Intimate’ Photos of Reporter Olivia Nuzzi, 31",dustin91,politics,1918,229,2024-09-21 16:50:31,https://www.thedailybeast.com/married-rfk-jr-70-bragged-he-had-intimate-photographs-of-reporter-31,www.thedailybeast.com,married-rfk-jr-70-bragged-he-had-intimate-photographs-of-reporter-31
1fm68yl,My Tesla Cybertruck Windshield Shattered to Pieces While Washing it With a Microfiber Cloth,Fit-Requirement6701,technology,440,111,2024-09-21 15:59:53,https://www.torquenews.com/11826/my-tesla-cybertruck-windshield-shattered-pieces-while-washing-it-microfiber-cloth/amp,www.torquenews.com,11826
1flu0k9,"The FCC wants all phones unlocked in sixty days, AT&T and T-Mobile aren't so keen on the plan",lurker_bee,technology,4237,292,2024-09-21 03:29:45,https://www.androidauthority.com/fcc-60-day-unlock-tmo-3483642/,www.androidauthority.com,fcc-60-day-unlock-tmo-3483642
1fm8cbo,Starlink imposes $100 “congestion charge” on new users in parts of US,barweis,technology,294,47,2024-09-21 17:34:37,https://arstechnica.com/tech-policy/2024/09/starlink-imposes-100-congestion-charge-on-new-users-in-parts-of-us/,arstechnica.com,tech-policy
1fm2b60,Donald Trump Was 'Black Hole' for His Dad's Money: New Book Author,Coffee_n_wifi,politics,3312,201,2024-09-21 12:52:01,https://www.newsweek.com/donald-trump-black-hole-father-money-lucky-loser-book-1955593,www.newsweek.com,donald-trump-black-hole-father-money-lucky-loser-book-1955593
1flkfr6,"Cards Against Humanity sues SpaceX, alleges “invasion” of land on US/Mexico border",tricksterloki,technology,20563,993,2024-09-20 19:31:33,https://arstechnica.com/tech-policy/2024/09/cards-against-humanity-sues-spacex-alleges-invasion-of-land-on-us-mexico-border/,arstechnica.com,tech-policy
1flzpza,‘He is proud that women are dying?’: Harris blasts Trump for deadly Georgia abortion ban,Coffee_n_wifi,politics,3752,81,2024-09-21 10:09:39,https://www.msnbc.com/the-reidout/watch/vp-harris-on-deaths-linked-to-georgia-abortion-ban-trump-is-the-architect-of-this-crisis-219856453579,www.msnbc.com,the-reidout
1fm4nxd,X Loses Battle to Protect Genshin Impact Leaker's First Amendment Anonymity * TorrentFreak,ardi62,technology,307,24,2024-09-21 14:46:32,https://torrentfreak.com/x-loses-battle-to-protect-genshin-impact-leakers-first-amendment-anonymity-240921/,torrentfreak.com,x-loses-battle-to-protect-genshin-impact-leakers-first-amendment-anonymity-240921
1flzwls,Trump’s shutdown push falls flat with Republicans ,malcolm58,politics,3003,138,2024-09-21 10:22:36,https://thehill.com/homenews/house/4891309-trump-shutdown-voting-government-funding-house-republicans/,thehill.com,homenews
1fm51d1,California governor signs law to protect children from social media addiction | AP News,BobbyLucero,technology,232,23,2024-09-21 15:03:57,https://apnews.com/article/california-social-media-addiction-children-law-bc649326701f892a16be1159bc008d71,apnews.com,article
1fm292w,Former Snap design engineer on new AR glasses: 'Obviously bad',BlueLightStruct,technology,336,77,2024-09-21 12:48:49,https://finance.yahoo.com/news/former-snap-design-engineer-on-new-ar-glasses-obviously-bad-181408794.html,finance.yahoo.com,news
1fm0hs3,"Seth Meyers on JD Vance: ‘He’s Ted Cruz 2.0 – less nasal, more eyeliner’",Coffee_n_wifi,politics,2203,71,2024-09-21 11:03:23,https://www.theguardian.com/culture/2024/sep/20/late-night-jd-vance-ted-cruz,www.theguardian.com,culture
1fm00hi,"Joe Biden makes history by confirming 12th LGBTQ+ judge, the most of any presidency",Coffee_n_wifi,politics,2403,83,2024-09-21 10:30:15,https://www.lgbtqnation.com/2024/09/joe-biden-makes-history-by-confirming-12th-lgbtq-judge-the-most-of-any-presidency/,www.lgbtqnation.com,2024
1fm3yqe,Is Donald Trump a fascist?,superzepto,politics,1195,428,2024-09-21 14:13:16,https://www.theguardian.com/us-news/2024/sep/21/is-donald-trump-a-fascist,www.theguardian.com,us-news
1flu8d7,Trump’s Electoral College Power Play in Nebraska Is a Troubling Sign of Things to Come | He’s already pressuring lawmakers to change the rules in his favor. Imagine if he loses.,newfrontier58,politics,8462,415,2024-09-21 03:42:48,https://www.motherjones.com/politics/2024/09/trumps-electoral-college-power-play-in-nebraska-is-a-troubling-sign-of-things-to-come/,www.motherjones.com,politics
1fm0oz3,"Trump 'Is the Architect of This Crisis,' Says Harris of Women Killed by Abortion Bans",Coffee_n_wifi,politics,1772,30,2024-09-21 11:16:24,https://www.commondreams.org/news/kamala-harris-abortion,www.commondreams.org,news
1flk9q5,Cards Against Humanity is suing SpaceX for trespassing and filling its property with ‘space garbage’,esporx,technology,7490,257,2024-09-20 19:24:37,https://www.engadget.com/science/space/cards-against-humanity-is-suing-spacex-for-trespassing-and-filling-its-property-with-space-garbage-181828453.html,www.engadget.com,science
1fm6dk3,"Kamala Harris Is the Clear Choice for President - One candidate has spent her career as a dedicated public servant, who believes government exists to serve the people, the other has divided the nation for his own personal gain",Quirkie,politics,694,18,2024-09-21 16:05:27,https://www.rollingstone.com/politics/political-commentary/kamala-harris-president-rolling-stone-endorsement-1235096166/,www.rollingstone.com,politics
1fm0w7k,Kamala Harris attacks Trump over ‘immoral’ abortion bans at Wisconsin rally,zsreport,politics,1293,61,2024-09-21 11:29:37,https://www.theguardian.com/us-news/2024/sep/20/kamala-harris-trump-abortion-wisconsin,www.theguardian.com,us-news
1fln2ix,Cards Against Humanity is suing SpaceX for trespassing on its ‘pristine’ property,Old_Pen9843,technology,3422,162,2024-09-20 21:27:26,https://www.theverge.com/2024/9/20/24250269/cards-against-humanity-space-x-lawsuit-cameron-county-texas,www.theverge.com,2024
1fm4rcy,Doctors ‘fight like hell’ against a second Trump admin: ‘Elections do matter for your health’,Kashmir75,politics,656,40,2024-09-21 14:51:06,https://www.politico.com/news/2024/09/21/doctors-harris-support-public-health-00179165,www.politico.com,news
1flpq82,NC governor candidate cries AI fabrication as defense for racist porn forum posts,esporx,technology,2214,157,2024-09-20 23:35:00,https://arstechnica.com/information-technology/2024/09/nc-governor-candidate-cries-ai-fabrication-as-defense-for-racist-porn-forum-posts/,arstechnica.com,information-technology
1fm1vnw,"Harris' fundraising triples Trump's in August, growing Democrat's warchest, FEC filings show | Harris and the DNC raised $257 million, as Trump and the RNC raised $85 million.",SpaceElevatorMusic,politics,932,69,2024-09-21 12:28:19,https://abcnews.go.com/US/harris-trump-august-fundraising-fec-filings/story?id=113893128,abcnews.go.com,US
1fm776f,"Harris accepts CNN debate invitation for October 23, again challenging Trump to another showdown | CNN Politics",ThinkerSis,politics,399,76,2024-09-21 16:43:29,https://www.cnn.com/2024/09/21/politics/presidential-debate-harris-trump-cnn/index.html,www.cnn.com,2024
1fm3jzj,"Election-Deniers' Georgia Scheme Is Going Exactly According To Plan | 
The MAGA fanatics who hijacked the election board just passed a ballot-counting measure that could royally f*ck things up.",Murky-Site7468,politics,671,60,2024-09-21 13:54:06,https://www.esquire.com/news-politics/politics/a62303952/georgia-ballot-hand-count-election/,www.esquire.com,news-politics
1fm4elw,These evangelicals are voting their values — by backing Kamala Harris,schuey_08,politics,577,31,2024-09-21 14:34:17,https://apnews.com/article/evangelicals-harris-trump-christians-vote-9d5cb379dc3c2fdb3f4954c556a29ec5,apnews.com,article
1fm08h0,The Titan Submersible Disaster Hearings Paint a Damning Picture,Fit-Requirement6701,technology,225,47,2024-09-21 10:45:32,https://www.wired.com/story/titan-submersible-hearings-week-one-testimony-oceangate-implosion/,www.wired.com,story
1fm0zst,"As President, Trump Demanded Investigations of Foes. He Often Got Them.",projecto15,politics,867,46,2024-09-21 11:35:54,https://www.nytimes.com/2024/09/21/us/politics/trump-investigations-enemies.html?unlocked_article_code=1.MU4.NyIM.voDAk0dWxeTt&smid=re-share,www.nytimes.com,2024
1flxx54,Harris says she is trying to get a second debate with Trump,iymcool,politics,1472,168,2024-09-21 07:54:12,https://www.reuters.com/world/us/harris-says-she-is-trying-get-second-debate-with-trump-2024-09-20/,www.reuters.com,world
1flstxe,Republicans in NC remove Lt. Gov. Mark Robinson from their social media following new scandal,vsandrei,politics,4187,187,2024-09-21 02:21:14,https://www.cbs17.com/news/north-carolina-news/republicans-in-nc-remove-lt-gov-mark-robinson-from-their-social-media-following-new-scandal/,www.cbs17.com,news
1fm5htu,House members bypass Mike Johnson a second time to force Social Security vote,amir_twist_of_fate,politics,342,33,2024-09-21 15:25:20,https://www.axios.com/2024/09/19/discharge-petition-social-security-mike-johnson,www.axios.com,2024
1flk764,New Docs Reveal Horrific Extent of Matt Gaetz’s Creepy Sex Scandal,WafflePartyOrgy,politics,26339,930,2024-09-20 19:21:28,https://newrepublic.com/post/186197/matt-gaetz-sex-scandal-new-documents-minor,newrepublic.com,post
1fm72f3,Why GOP ‘Black Nazi’s’ Porn Posts Were Too Bonkers for CNN | CNN’s explosive report detailing posts allegedly from Republican Mark Robinson omitted a number of filthy details including him bragging about having sex with a relative.,WhileFalseRepeat,politics,255,40,2024-09-21 16:37:19,https://www.thedailybeast.com/why-gop-black-nazi-mark-robinsons-porn-posts-were-too-bonkers-for-cnn,www.thedailybeast.com,why-gop-black-nazi-mark-robinsons-porn-posts-were-too-bonkers-for-cnn
1fm6p6m,"Republicans ask for more civility in politics. That’s a joke, right? | The same team igniting a crisis in Springfield, Ohio, is telling Democrats to be careful.",plz-let-me-in,politics,267,40,2024-09-21 16:20:11,https://www.ajc.com/opinion/opinion-republicans-ask-for-more-civility-in-politics-thats-a-joke-right/WY2MUOM4BRC73JXZ7LQ4IIVR7M/,www.ajc.com,opinion
1flm3ft,Donald “America’s Hitler” Trump Gives Supporters the Green Light to Blame Jews If He Loses in November | He did this at an event on antisemitism.,plz-let-me-in,politics,12290,458,2024-09-20 20:44:03,https://www.vanityfair.com/news/story/donald-trump-gives-supporters-the-green-light-to-blame-jews-if-he-loses-in-november,www.vanityfair.com,news
1flkib6,"Mark Cuban says Trump's billionaire backers know they can manipulate him because he's 'so transactional, and so devoid of core values'",Silent-Resort-3076,politics,18262,331,2024-09-20 19:34:44,https://www.businessinsider.com/mark-cuban-says-trump-most-unethical-person-ever-business-2024-9,www.businessinsider.com,mark-cuban-says-trump-most-unethical-person-ever-business-2024-9
1flrj5p,"Secret calculator hack brings ChatGPT to the TI-84, enabling easy cheating",willyolio,technology,850,134,2024-09-21 01:08:33,https://arstechnica.com/information-technology/2024/09/secret-calculator-hack-brings-chatgpt-to-the-ti-84-enabling-easy-cheating/,arstechnica.com,information-technology
1flohfm,"Poll: Trump losing edge on economy, once his strongest issue",fortune,politics,6943,662,2024-09-20 22:33:06,https://fortune.com/2024/09/20/american-voters-split-harris-trump-better-economy-republican-advantage-fades/,fortune.com,2024
1flh8gx,"Biden-Harris Administration Announces Over $3 Billion to Support America's Battery Manufacturing Sector, Create Over 12,000 Jobs, and Enhance National Security",Chipdoc,technology,3433,139,2024-09-20 17:13:43,https://www.energy.gov/articles/biden-harris-administration-announces-over-3-billion-support-americas-battery,www.energy.gov,articles
1flqbx8,"Harris pins blame for deaths of two pregnant women on Georgia’s strict abortion law, Trump",SpaceElevatorMusic,politics,4386,87,2024-09-21 00:05:01,https://georgiarecorder.com/2024/09/20/harris-pins-blame-for-deaths-of-two-pregnant-women-on-georgias-strict-abortion-law-trump/,georgiarecorder.com,2024
1fm7128,SEC says Elon Musk should be sanctioned if he keeps dodging Twitter depositions,lala_b11,politics,200,22,2024-09-21 16:35:34,https://www.nbcnews.com/business/elon-musk-sec-sanctioned-twitter-deposition-rcna172098,www.nbcnews.com,business
1flm9xw,A Spokane police officer put a ‘Let’s Go Brandon’ sticker on his department car. He was fired,ShadowyFlows,politics,8518,324,2024-09-20 20:51:53,https://www.spokesman.com/stories/2024/sep/19/a-spokane-police-officer-put-a-lets-go-brandon-sti/,www.spokesman.com,stories
1flwbcy,Qualcomm wants to buy Intel,Logical_Welder3467,technology,251,61,2024-09-21 05:56:53,https://www.theverge.com/2024/9/20/24249949/intel-qualcomm-rumor-takeover-acquisition-arm-x86,www.theverge.com,2024
1fm0qpu,"“A climate of fear”: Trump's mass deportations could bring ""human misery"" in 2025",zsreport,politics,435,55,2024-09-21 11:19:33,https://www.salon.com/2024/09/21/a-climate-of-fear-mass-deportations-could-bring-human-misery-in-2025/,www.salon.com,2024
1flgvs7,Pro-Trump Georgia election board changes rules 45 days before election,newsweek,politics,24457,1697,2024-09-20 16:58:31,https://www.newsweek.com/georgia-election-ballots-hand-counting-donald-trump-1957062,www.newsweek.com,georgia-election-ballots-hand-counting-donald-trump-1957062
1fm7b44,Opinion: Will you be able to explain to your grandchildren why you supported Trump?,plz-let-me-in,politics,157,43,2024-09-21 16:48:10,https://www.pressherald.com/2024/09/21/opinion-allegiance-to-trump-is-baffling/,www.pressherald.com,2024
1fm7nsb,The Trump campaign doesn’t want to talk about Mark Robinson’s porn site controversy,z8675309z,politics,147,30,2024-09-21 17:03:42,https://www.msnbc.com/top-stories/latest/mark-robinson-trump-vance-porn-site-rcna172090,www.msnbc.com,top-stories
1fm87vq,Trump vows to ‘save’ vaping after private meeting with vaping lobbyist,newzee1,politics,137,65,2024-09-21 17:29:05,https://www.washingtonpost.com/politics/2024/09/21/trump-vaping-tobacco-lobbyist/,www.washingtonpost.com,politics
1flmr3v,GOP Rep. Matt Gaetz Attended Drug-Heavy Sex Party With 17-Year-Old: Legal Docs,SerenaLicks,politics,5785,153,2024-09-20 21:13:08,https://www.vanityfair.com/news/story/matt-gaetz-attended-drug-heavy-sex-party-with-17-year-old-legal-docs,www.vanityfair.com,news
1fm23y2,"Harris weighs in on Taylor Swift, ‘enjoyable’ debate with Trump in Wired interview",boxer_dogs_dance,politics,319,22,2024-09-21 12:41:04,https://thehill.com/homenews/campaign/4890243-vice-president-harris-wired-interview/,thehill.com,homenews
1fm7bq8,Kamala Harris Issues Challenge to Donald Trump After Accepting CNN Debate,Kiss_My_Wookiee,politics,146,18,2024-09-21 16:48:56,https://www.newsweek.com/kamala-harris-challenge-donald-trump-cnn-debate-1957344,www.newsweek.com,kamala-harris-challenge-donald-trump-cnn-debate-1957344
1fl7nkk,"Israel didn’t tamper with Hezbollah’s exploding pagers, it made them: NYT sources — First shipped in 2022, production ramped up after Hezbollah leader denounced the use of cellphones",marketrent,technology,15683,3159,2024-09-20 09:06:56,https://www.timesofisrael.com/israeli-spies-behind-hungarian-firm-that-was-linked-to-exploding-pagers-report/,www.timesofisrael.com,israeli-spies-behind-hungarian-firm-that-was-linked-to-exploding-pagers-report
1flx9e0,Kamala Harris posts huge cash advantage over Donald Trump,P_a_s_g_i_t_24,politics,845,71,2024-09-21 07:04:45,https://www.washingtonpost.com/politics/2024/09/20/kamala-harris-fundraising-advantage-trump/,www.washingtonpost.com,politics
1flp2sc,White Dudes for Harris hits Trump and his weaponized masculinity,Cute-Perception2335,politics,3771,140,2024-09-20 23:02:10,https://www.msnbc.com/top-stories/latest/white-dudes-for-harris-swing-states-trump-masculinity-rcna172017,www.msnbc.com,top-stories
1flwqg6,Trump Tells Jewish GOP Group Who He’d Blame for Losing: Jews,Real-Work-1953,politics,914,55,2024-09-21 06:26:12,https://www.thedailybeast.com/trump-hails-himself-israels-savior-in-fantastical-speech?ref=wrap,www.thedailybeast.com,trump-hails-himself-israels-savior-in-fantastical-speech
1flzhsx,SEC plans to reprimand Musk for skipping testimony on Twitter takeover,Cute-Perception2335,politics,461,53,2024-09-21 09:53:14,https://thehill.com/policy/technology/4891840-sec-reprimands-elon-musk-twitter,thehill.com,policy
1fm413q,"30 minutes from Springfield, another Ohio city welcomed immigrants — and got a boost",nosotros_road_sodium,politics,204,11,2024-09-21 14:16:23,https://www.npr.org/2024/09/20/nx-s1-5108947/immigrants-ohio-dayton-economy-job-growth,www.npr.org,2024
1flhuu3,Donald “Blame the Jews” Trump Is Truly Losing His Sh*t Now,scarymonst,politics,10767,565,2024-09-20 17:40:51,https://newrepublic.com/post/186191/donald-trump-blame-jews-losing-it,newrepublic.com,post
1fm39mn,Which Mexico are you? New Mexico furious after Texas installs razor wire along its border,JonAce,politics,227,56,2024-09-21 13:40:09,https://www.independent.co.uk/news/world/americas/us-politics/texas-new-mexico-border-wire-b2615743.html,www.independent.co.uk,news
1fm604s,"Amy Coney Barrett Encourages Open Democracy... That Is, If She Hasn't Already Impinged With Your Right To Vote",Fit-Requirement6701,politics,145,13,2024-09-21 15:48:56,https://abovethelaw.com/2024/09/amy-coney-barrett-encourages-open-democracy-that-is-if-she-hasnt-already-impinged-with-your-right-to-vote/,abovethelaw.com,2024
1fm5ffp,"2024 brings back fake electors for Donald Trump, even some facing charges for 2020",SpaceElevatorMusic,politics,157,21,2024-09-21 15:22:09,https://www.usatoday.com/story/news/politics/elections/2024/09/20/fake-electors-for-trump-2024/74955704007/,www.usatoday.com,story
1flme9p,Trump shares fake photo of Harris with Diddy in now-deleted Truth Social post,Oleg101,politics,4373,336,2024-09-20 20:57:21,https://www.nbcnews.com/tech/trump-shares-fake-photo-harris-diddy-now-deleted-truth-social-post-rcna171993,www.nbcnews.com,tech
1fm5qd0,"With one exaggerated anecdote, Trump kneecaps his Jan. 6 defense",NoPomegranate4794,politics,136,4,2024-09-21 15:36:24,https://www.washingtonpost.com/politics/2024/09/19/with-one-exaggerated-anecdote-trump-kneecaps-his-jan-6-defense/,www.washingtonpost.com,politics
1flzzbj,"Did Reagan pave the way for Trump? ‘You can trace the linkages,’ says biographer",bakhesh,politics,336,36,2024-09-21 10:28:06,https://www.theguardian.com/us-news/2024/sep/21/ronald-reagan-trump-comparisons-book-max-boot,www.theguardian.com,us-news
1flrx2g,"Republicans are using ruse of ""election integrity"" to pull off another round of Big Lie chicanery",marji80,politics,1737,51,2024-09-21 01:29:57,https://www.salon.com/2024/09/20/are-using-the-ruse-of-election-integrity-to-pull-of-another-round-of-big-lie-chicanery/,www.salon.com,2024
1fm2yic,Padma Lakshmi: Why Kamala Harris’s Love of Cooking Could Help Make Her a Great President,ishtar_the_move,politics,184,24,2024-09-21 13:25:07,https://www.nytimes.com/2024/09/21/opinion/padma-lakshmi-kamala-harris-cooking.html,www.nytimes.com,2024
1flc4yx,Three Mile Island is reopening and selling its power to Microsoft,thenewyorkgod,technology,3063,386,2024-09-20 13:33:41,https://www.cnn.com/2024/09/20/energy/three-mile-island-microsoft-ai?Date=20240920&Profile=cnnbrk&utm_content=1726838419&utm_medium=social&utm_source=twitter,www.cnn.com,2024
1fm8axk,Harris accepts invitation for second potential debate in October,redditofthebanned,politics,84,33,2024-09-21 17:32:50,https://www.nbcnews.com/politics/2024-election/harris-accepts-invitation-second-debate-october-rcna172104?cid=sm_npd_nn_tw_ma&taid=66ef029e77c383000145c35d&utm_campaign=trueanthem&utm_medium=social&utm_source=twitter,www.nbcnews.com,politics
1fm69j1,Harris fundraising far outpacing Trump's,Kiss_My_Wookiee,politics,114,4,2024-09-21 16:00:32,https://www.axios.com/2024/09/21/harris-fundraising-beats-trump,www.axios.com,2024
1flszrs,Harris speaks at Wisconsin rally after event in Georgia,yoppee,politics,1294,101,2024-09-21 02:30:34,https://www.washingtonpost.com/politics/2024/09/20/election-2024-campaign-updates-harris-trump/,www.washingtonpost.com,politics
1fm72tz,Trump Media closes at a new 52-week low on heavy trading after lockup expires,Silly-avocatoe,politics,100,30,2024-09-21 16:37:53,https://www.cnbc.com/2024/09/20/djt-trump-media-stock-selloff-lockup-.html,www.cnbc.com,2024
1flo0rv,"Previous video of Republican NC Gov candidate Mark Robinson saying ""During Jim Crow... black folks were at their highest"" is uncovered. ",Mordoch,politics,2825,216,2024-09-20 22:11:06,https://www.thebulwark.com/p/mark-robinson-black-americans-jim-crow,www.thebulwark.com,p
1fm5r2j,AI is helping shape the 2024 presidential race. But not in the way experts feared,GoMx808-0,technology,23,1,2024-09-21 15:37:17,https://apnews.com/article/artificial-intellgence-memes-trump-harris-deepfakes-256282c31fa9316c4059f09036c70fa9?utm_source=reddit&utm_medium=share,apnews.com,article
1flpvqx,MAGA World’s Belief In Their Made Up Claim That Biden Is ‘Censoring’ Conservatives On Social Media May Kill KOSA,vriska1,technology,418,101,2024-09-20 23:42:36,https://www.techdirt.com/2024/09/20/maga-worlds-belief-in-their-made-up-claim-that-biden-is-censoring-conservatives-on-social-media-may-kill-kosa/,www.techdirt.com,2024
1flt42d,"Letters to the Editor: I’m an 80-something Swiftie, a Republican and a Kamala Harris voter",yoppee,politics,1195,55,2024-09-21 02:37:32,https://www.latimes.com/opinion/letters-to-the-editor/story/2024-09-20/80-something-swiftie-a-republican-and-a-kamala-harris-voter,www.latimes.com,opinion
1fm45kx,"Trump is reaching the ‘But wait, there’s more!’ phase of the campaign ",Cute-Perception2335,politics,140,26,2024-09-21 14:22:18,https://www.msnbc.com/opinion/msnbc-opinion/trump-campaign-proposals-tax-cuts-rcna171853,www.msnbc.com,opinion
1fm6zaf,Harris campaign bashes Trump’s ‘online meltdown’ on abortion,bobeschism,politics,89,7,2024-09-21 16:33:17,https://thehill.com/homenews/campaign/4892173-kamala-harris-donald-trump-abortion-rhetoric/,thehill.com,homenews
1fm656w,"The New Era of Deadly Back-Alley Abortions Is Here | 
At events in Michigan and Georgia, Harris raises alarms about access under Trump by remembering women who died ending pregnancies.",Murky-Site7468,politics,99,3,2024-09-21 15:55:12,https://www.motherjones.com/politics/2024/09/kamala-harris-amber-thurman-candi-miller-abortion/,www.motherjones.com,politics
1flulhy,Harris slams Trump as ‘architect of this crisis’ in abortion speech,MTDreams123,politics,830,29,2024-09-21 04:04:08,https://www.washingtonpost.com/politics/2024/09/20/harris-trump-abortion/,www.washingtonpost.com,politics
1flzz0n,"Harris ups lead over Trump, although presidential race still on knife edge",bakhesh,politics,261,16,2024-09-21 10:27:31,https://www.theguardian.com/us-news/2024/sep/21/harris-leads-trump-presidential-poll,www.theguardian.com,us-news
1fle8av,Hillary Clinton: ‘It would be exhilarating to see Kamala Harris achieve the breakthrough I didn’t’,WhileFalseRepeat,politics,11540,1302,2024-09-20 15:05:46,https://www.theguardian.com/books/2024/sep/20/hillary-clinton-kamala-harris,www.theguardian.com,books
1fm8bga,Re-opened Three Mile Island will power AI data centers under new deal,barweis,technology,14,4,2024-09-21 17:33:30,https://arstechnica.com/ai/2024/09/re-opened-three-mile-island-will-power-ai-data-centers-under-new-deal/,arstechnica.com,ai
1fm19fx,"New York’s Prop 1 Closes the ‘Pregnancy’ Loophole—Protecting More Than Abortion | For too long, pregnancy and its outcomes have been the basis for denying women equal rights.",SenorBurns,politics,196,4,2024-09-21 11:52:31,https://msmagazine.com/2024/09/18/new-york-prop-1-pregnancy-abortion-era/,msmagazine.com,2024
1fm83my,Mike Lindell Group Accused of 'Impersonating' Election Cybersecurity Initiative,Titfortat101,politics,68,9,2024-09-21 17:23:49,https://www.rollingstone.com/politics/politics-features/mike-lindell-group-accused-impersonating-election-cybersecurity-1235102625/,www.rollingstone.com,politics
1flggy4,"
MAGA Republicans Pass New Election Rules in Georgia That Could Rig the State for Trump | 
“We’re so far off the deep end of sanity here.”",Murky-Site7468,politics,7186,369,2024-09-20 16:40:42,https://www.motherjones.com/politics/2024/09/repbulican-georgia-election-board-hand-count-rules-election-chaos/,www.motherjones.com,politics
1flbn9m,"Trump Suddenly Behind in Must-Win Pennsylvania, Four New Polls Show
",alexapaul11,politics,26601,1765,2024-09-20 13:10:46,https://newrepublic.com/article/186182/trump-suddenly-behind-must-win-pennsylvania-four-new-polls-show,newrepublic.com,article
1flaf75,"Amazon says workers need to be in the office. Most of Silicon Valley disagrees — Only 3 per cent of tech companies with more than 25,000 employees are back to five days in the office: Flex Index",marketrent,technology,3119,110,2024-09-20 12:09:08,https://www.ft.com/content/c7b82efc-9174-4fc0-8f06-6c6a884d5105,www.ft.com,content
1fm2u09,Donald Trump Says Women Will Be 'Happy' and 'Great Again' if He Wins,fornuis,politics,146,158,2024-09-21 13:18:50,https://www.newsweek.com/donald-trump-women-happy-great-again-wins-abortion-1957288,www.newsweek.com,donald-trump-women-happy-great-again-wins-abortion-1957288
1flpiz7,Walz debate prep underway with Pete Buttigieg as Vance stand-in,ubcstaffer123,politics,1832,231,2024-09-20 23:24:47,https://abcnews.go.com/Politics/walz-debate-prep-underway-pete-buttigieg-vance-stand/story?id=113872808,abcnews.go.com,Politics
1fm2zuj,"Euphoric two years ago, US anti-abortion movement is now divided and worried as election nears",SpaceElevatorMusic,politics,139,24,2024-09-21 13:26:55,https://apnews.com/article/anti-abortion-election-2024-roe-v-wade-62364f84be8c1a9fd112b1f3fa0870ae,apnews.com,article
1flwcow,Republicans Are Struggling to Raise Money to Compete With Democrats,Silly-avocatoe,politics,539,72,2024-09-21 05:59:28,https://newrepublic.com/post/186227/republicans-money-struggle-lara-trump,newrepublic.com,post
1fls1li,"Court rules nearly 98,000 Arizonans whose citizenship hadn't been confirmed can vote the full ballot",karmaisourfriend,politics,1204,84,2024-09-21 01:37:05,https://apnews.com/article/15703fd0ee76359af0eb1b7539df1cc7,apnews.com,article
1fm74g6,Trump shared a fake image to smear Harris with the shocking allegations against Diddy,InternetPopular3679,politics,74,14,2024-09-21 16:40:02,https://www.msnbc.com/top-stories/latest/trump-kamala-harris-diddy-sean-combs-fake-image-rcna172088,www.msnbc.com,top-stories
1fm5fhw,"As President, Trump Demanded Investigations of Foes. He Often Got Them. ",heavenlysoulraj,politics,89,12,2024-09-21 15:22:14,https://www.nytimes.com/2024/09/21/us/politics/trump-investigations-enemies.html?unlocked_article_code=1.MU4.rNHn.5Eirp0cBZLAQ,www.nytimes.com,2024
1fljvju,Fact check: Springfield had more murders under Trump than under Biden-Harris,plz-let-me-in,politics,3739,71,2024-09-20 19:07:13,https://www.cnn.com/2024/09/20/politics/fact-check-springfield-had-more-murders-under-trump-than-under-biden-harris/index.html,www.cnn.com,2024
1flaaf9,Matt Gaetz Was at Sex and Drugs Party With High School Junior: Docs,HandSack135,politics,32603,1065,2024-09-20 12:02:09,https://www.thedailybeast.com/matt-gaetz-was-at-sex-and-drugs-party-with-high-school-junior-court-docs,www.thedailybeast.com,matt-gaetz-was-at-sex-and-drugs-party-with-high-school-junior-court-docs
1fm7khh,"'This is the moment': Oprah Winfrey, Chris Rock and other celebs rally for Kamala Harris",its_Ghanou,politics,68,19,2024-09-21 16:59:52,https://www.usatoday.com/story/news/politics/elections/2024/09/19/oprah-winfrey-chris-rock-and-other-celebs-rally-for-kamala-harris/75299547007/,www.usatoday.com,story
1flvcbv,Final Fantasy 16 producer Naoki Yoshida asks that modders please don't run amok with 'offensive or inappropriate' shenanigans now the game's on PC,LollipopChainsawZz,technology,119,52,2024-09-21 04:51:43,https://www.pcgamer.com/games/rpg/final-fantasy-16-director-naoki-yoshida-asks-that-modders-please-dont-run-amok-with-offensive-or-inappropriate-shenanigans-now-the-games-on-pc/,www.pcgamer.com,games
1fm8n0a,Harris accepts CNN offer for 2nd presidential debate on Oct. 23,Ace-Cuddler,politics,56,12,2024-09-21 17:47:54,https://abcnews.go.com/Politics/harris-accepts-cnn-offer-2nd-presidential-debate-oct/story?id=113899130,abcnews.go.com,Politics
1fm6xi7,"Harris accepts CNN invitation to second debate, urges Trump to join",No-Attitude-6049,politics,67,10,2024-09-21 16:30:59,https://www.reuters.com/world/us/harris-accepts-cnn-invitation-second-debate-urges-trump-join-2024-09-21/,www.reuters.com,world
1fm663t,Harris campaign lays out its Mark Robinson strategy in North Carolina,Kiss_My_Wookiee,politics,76,13,2024-09-21 15:56:21,https://www.politico.com/news/2024/09/21/harris-memo-mark-robinson-nc-strategy-00180357,www.politico.com,news
1fm88vq,OpenAI staffers reportedly 'taken aback' by 'ominous' logo rebranding | The company is reportedly switch its current logo for one that looks like a black 'O.',MetaKnowing,technology,11,6,2024-09-21 17:30:18,https://www.engadget.com/ai/openai-staffers-reportedly-taken-aback-by-ominous-logo-rebranding-160017936.html,www.engadget.com,ai
1fm4npu,Republicans Boost Jill Stein as Potential Harris Spoiler,ishtar_the_move,politics,90,82,2024-09-21 14:46:16,https://www.wsj.com/politics/elections/jill-stein-republican-support-harris-voters-5a194ebf?mod=hp_lead_pos6,www.wsj.com,politics
1fm4f5w,What Trump has promised to do on ‘day one’ as president ,washingtonpost,politics,87,38,2024-09-21 14:35:02,https://www.washingtonpost.com/politics/2024/09/21/trump-day-one-promises-president-election/?utm_campaign=wp_main&utm_medium=social&utm_source=reddit.com,www.washingtonpost.com,politics
1fm0m09,"Man, The Senate Judiciary Committee Is Broken",cram213,politics,161,10,2024-09-21 11:11:07,https://www.huffpost.com/entry/maya-berry-john-kennedy-senate-judiciary-committee_n_66eddfaae4b07dd371cccc9e,www.huffpost.com,entry
1fm6oqy,Harris triples Trump’s fundraising in August as campaigns approach final stretch,its_Ghanou,politics,67,9,2024-09-21 16:19:42,https://www.washingtonexaminer.com/news/campaigns/presidential/3162246/harris-triples-trump-fundraising-august-campaigns-approach-final-stretch/,www.washingtonexaminer.com,news
1fl2j0y,23andMe faces Nasdaq delisting after its entire board resigns,ChocolateTsar,technology,18263,977,2024-09-20 03:11:26,https://www.cnbc.com/video/2024/09/19/23andme-facing-nasdaq-delisting-after-entire-board-resigns.html,www.cnbc.com,video
1fl95ev,Ted Cruz Losing to Colin Allred for First Time: Texas Poll,Coffee_n_wifi,politics,38036,1398,2024-09-20 10:55:19,https://www.newsweek.com/ted-cruz-losing-colin-allred-first-time-texas-poll-us-senate-election-1956711,www.newsweek.com,ted-cruz-losing-colin-allred-first-time-texas-poll-us-senate-election-1956711
1flw0e9,"Trump’s threats to ‘go after’ opponents will subvert rule of law, experts warn ",caveatlector73,politics,436,48,2024-09-21 05:35:47,https://www.theguardian.com/us-news/2024/sep/20/trump-election-opponents-threats,www.theguardian.com,us-news
1fm5g74,"Court rules nearly 98,000 Arizonans whose citizenship hadn’t been confirmed can vote the full ballot",bummed_athlete,politics,74,13,2024-09-21 15:23:08,https://www.politico.com/news/2024/09/20/court-rules-nearly-98-000-arizonans-whose-citizenship-hadnt-been-confirmed-can-vote-the-full-ballot-00180354,www.politico.com,news
1fluq63,Thousands turn out in Fairfax Co. for first day of early voting in Va.,fornuis,politics,544,34,2024-09-21 04:12:14,https://wtop.com/virginia/2024/09/thousands-turn-out-in-fairfax-co-for-first-day-of-early-voting-in-va/,wtop.com,virginia
1flg7n0,Congress Poised To Bring Back Unfettered Patent Trolling,Fit-Requirement6701,technology,957,52,2024-09-20 16:29:35,https://abovethelaw.com/2024/09/congress-poised-to-bring-back-unfettered-patent-trolling/,abovethelaw.com,2024
1fm03zb,‘People need to see it’: How politics hung up a $42B Biden internet buildout,jecht8,politics,162,7,2024-09-21 10:36:55,https://www.politico.com/news/2024/09/04/biden-broadband-program-swing-state-frustrations-00175845,www.politico.com,news
1fm9147,"Trump Makes Shocking Decision on Scandal-Ridden Mark Robinson | 
Turns out, Mark Robinson still hasn’t done enough to turn off Donald Trump.",Murky-Site7468,politics,42,18,2024-09-21 18:05:37,https://newrepublic.com/post/186223/donald-trump-mark-robinson-scandal-decision,newrepublic.com,post
1fm8fla,Arizona Supreme Court rules nearly 100K can receive full ballots without citizenship proof,MobileWisdom,politics,45,15,2024-09-21 17:38:42,https://thehill.com/regulation/court-battles/4892271-arizona-supreme-court-citizenship-ballot/,thehill.com,regulation
1flvcg0,Mark Robinson's mistake with MAGA: Not owning his pro-Hitler posts,elliottbaytrail,politics,422,44,2024-09-21 04:51:57,https://www.salon.com/2024/09/21/mark-robinsons-big-mistake-with-maga-being-afraid-to-own-his-pro-hitler-posts/,www.salon.com,2024
1fm0gr8,"Court rules nearly 98,000 Arizonans whose citizenship hadn't been confirmed can vote the full ballot",BobbyLucero,politics,139,14,2024-09-21 11:01:34,https://apnews.com/article/arizona-voter-citizenship-proof-elections-court-15703fd0ee76359af0eb1b7539df1cc7,apnews.com,article
1fm5sc2,Lies About Immigration Help No One,theatlantic,politics,57,11,2024-09-21 15:38:55,https://www.theatlantic.com/politics/archive/2024/09/springfield-trump-vance-lies-immigrants/679959/?utm_source=reddit&utm_medium=social&utm_campaign=the-atlantic&utm_content=edit-promo,www.theatlantic.com,politics
1fm7c3t,Texas Attorney General’s office sues Harris County over revised basic income program. Paxton earlier this year struck down the county’s efforts to provide monthly stipends to lower-income families. He requested the state prohibit payments under the county’s pilot guaranteed income program.,southpawFA,politics,43,13,2024-09-21 16:49:24,https://www.houstonpublicmedia.org/articles/news/harris-county/2024/09/19/500409/texas-attorney-generals-office-again-sues-harris-county-over-proposed-basic-income-program/,www.houstonpublicmedia.org,articles
1fm0jg7,"Harris’ cash edge funds advertising blitz as Elon Musk cuts big check to House Republicans, new filings show",trifecta,politics,124,13,2024-09-21 11:06:26,https://www.cnn.com/2024/09/21/politics/fundraising-harris-trump-elon-musk/index.html?utm_medium=social&utm_source=blueskyCNN&utm_content=2024-09-21T10%3A40%3A47,www.cnn.com,2024
1flx2n9,Trump Still Silent on Mark Robinson as Republicans Speak Out,vsandrei,politics,272,36,2024-09-21 06:51:15,https://www.newsweek.com/trump-still-silent-mark-robinson-republicans-speak-out-1957266,www.newsweek.com,trump-still-silent-mark-robinson-republicans-speak-out-1957266
1flej0j,Anker recalls three power banks due to fire risk - stop using them now,lurker_bee,technology,968,74,2024-09-20 15:18:20,https://www.zdnet.com/home-and-office/energy/anker-recalls-three-power-banks-due-to-fire-risk-stop-using-them-now/,www.zdnet.com,home-and-office
1fm466r,Donald Trump Says Women Will Be ‘Happy and Great Again’ If He Wins,Quirkie,politics,73,34,2024-09-21 14:23:08,https://www.thedailybeast.com/donald-trump-says-women-will-be-happy-and-great-again-if-he-wins,www.thedailybeast.com,donald-trump-says-women-will-be-happy-and-great-again-if-he-wins
1fld83s,'I haven't seen it': GOP lawmaker admits he had no evidence to back up voting fraud claims,tigermountains,politics,5823,143,2024-09-20 14:22:17,https://www.msnbc.com/morning-joe/watch/-i-haven-t-seen-it-gop-lawmaker-admits-he-had-no-evidence-to-back-up-voting-fraud-claims-219779141992,www.msnbc.com,morning-joe
1flr080,Lewd posts by Trump-backed candidate for NC governor removed from porn forum,tuftedear,politics,813,72,2024-09-21 00:39:45,https://www.cnn.com/2024/09/20/politics/posts-removed-porn-forum-mark-robinson-north-carolina-kfile/index.html,www.cnn.com,2024
1fm7b9w,Hillary Clinton says Vance’s child care comments are ‘not in touch’ with most Americans’ lives,aslan_is_on_the_move,politics,42,14,2024-09-21 16:48:20,https://www.cnn.com/2024/09/19/politics/hillary-clinton-jd-vance-child-care/,www.cnn.com,2024
1fm8724,Harris accepts invitation for second potential debate in October,nbcnews,politics,35,3,2024-09-21 17:28:05,https://www.nbcnews.com/politics/2024-election/harris-accepts-invitation-second-debate-october-rcna172104,www.nbcnews.com,politics
1floi98,Porn site user linked to Mark Robinson also praised Hitler’s Mein Kampf,mymomknowsyourmom,politics,1055,50,2024-09-20 22:34:14,https://www.washingtonpost.com/politics/2024/09/20/mark-robinson-mein-kampf-porn-posts/,www.washingtonpost.com,politics
1fm7vjg,How influencers flocked to Springfield chasing debunked rumors and attention,npr,politics,35,13,2024-09-21 17:13:22,https://www.npr.org/2024/09/20/nx-s1-5112682/springfield-influencers-haitian-immigrants-social-media-trump,www.npr.org,2024
1flakx9,"Trump says if he loses to Harris, ""Jewish people would have a lot to do"" with it",etfvfva,politics,7529,922,2024-09-20 12:17:31,https://www.axios.com/2024/09/20/trump-jewish-voters-antisemitism-election,www.axios.com,2024
1flggnc,Brazil Supreme Court fines X over noncompliance with suspension order,Wagamaga,technology,623,20,2024-09-20 16:40:19,https://www.jurist.org/news/2024/09/brazil-supreme-court-fines-x-over-noncompliance-with-suspension-order/,www.jurist.org,news
1fm7e1r,Georgia election board approves controversial rule change requiring ballots be hand-counted,Severe_County_5041,politics,40,19,2024-09-21 16:51:54,https://abcnews.go.com/Politics/georgia-election-board-approves-controversial-rule-change-requiring/story?id=113876120&cid=social_twitter_abcn,abcnews.go.com,Politics
1flf06d,Robinson will not appear at Trump’s North Carolina rally after report on alleged online comments,theombudsmen,politics,3729,251,2024-09-20 15:38:27,https://apnews.com/article/north-carolina-governor-mark-robinson-trump-kamala-harris-cooper-cnn-stein-c7ee5c23f554f3708619d6b68e208b94,apnews.com,article
1fl8saj,The Deaths of Two Mothers in Georgia Show That Ending Roe Was Never About “Life”,Murky-Site7468,politics,11527,145,2024-09-20 10:30:40,https://slate.com/news-and-politics/2024/09/supreme-court-abortion-ban-roe-life-lie.html?pay=1726827826959&support_journalism=please,slate.com,news-and-politics
1flu6vx,Donald Trump biopic 'The Apprentice' sets pre-election release date,duedate2010,politics,387,23,2024-09-21 03:40:16,https://www.nbcnews.com/news/us-news/donald-trump-biopic-apprentice-release-date-set-ahead-2024-election-rcna168981,www.nbcnews.com,news
1flw4yh,Netanyahu Is Keeping a Hostage Deal as a 'Priceless Gift' for Trump's Return,WhatYouThinkYouSee,politics,265,80,2024-09-21 05:44:14,https://www.haaretz.com/opinion/2024-09-09/ty-article-opinion/.premium/netanyahu-is-keeping-a-hostage-deal-as-a-priceless-gift-for-trumps-return/00000191-d2b6-d83f-a3d9-dfff669f0000,www.haaretz.com,opinion
1flvtpz,Human genome stored on 'everlasting' memory crystal,waozen,technology,57,3,2024-09-21 05:23:31,https://phys.org/news/2024-09-human-genome-everlasting-memory-crystal.html,phys.org,news
1flbhss,"Trump is a threat to democracy. That's not rhetoric, it's verifiable fact | Editorial",njdotcom,politics,5937,214,2024-09-20 13:03:29,https://www.nj.com/opinion/2024/09/stop-warnings-that-trump-is-a-threat-to-democracy-no-chance-editorial.html?utm_medium=social&utm_source=redditsocial,www.nj.com,opinion
1flr9jq,Your Guide to All the Political Sex Scandals of the Last 24 Hours,pacoshuman,politics,629,79,2024-09-21 00:53:43,https://www.washingtonian.com/2024/09/20/your-guide-to-all-the-political-sex-scandals-of-the-last-24-hours/,www.washingtonian.com,2024
1fm2v3g,The Russian Bot Army That Conquered Online Poker,s1n0d3utscht3k,technology,13,3,2024-09-21 13:20:22,https://www.bloomberg.com/features/2024-poker-bots-artificial-intelligence-russia,www.bloomberg.com,features
1flhgcq,Local Teamsters groups announce Harris endorsements after national union declines to do so,nbcnews,politics,2498,46,2024-09-20 17:23:18,https://www.nbcnews.com/business/business-news/local-teamsters-groups-announce-harris-endorsements-national-union-dec-rcna171984,www.nbcnews.com,business
1fm90yi,Liz Cheney Suggests a New Political Party May Be Needed,drtolmn69,politics,28,18,2024-09-21 18:05:25,https://www.nytimes.com/2024/09/21/us/politics/liz-cheney-republican-party.html,www.nytimes.com,2024
1flp2hn,'She should be alive today' — Harris spotlights woman's death to blast abortion bans and Trump,G24all2read,politics,840,14,2024-09-20 23:01:47,https://apnews.com/article/harris-election-abortion-rights-georgia-amber-thurman-5ba5dabf0dc3c98de12389c34b47475d,apnews.com,article
1flfzwf,Opinion: I co-chaired Nikki Haley's Iowa campaign. I am endorsing Kamala Harris.,plz-let-me-in,politics,2820,46,2024-09-20 16:20:23,https://www.desmoinesregister.com/story/opinion/columnists/iowa-view/2024/09/20/republicans-for-kamala-harris-dawn-roberts-iowa-campaign-nikki-haley/75306017007/,www.desmoinesregister.com,story
1flm43m,Porn website posts reportedly linked to Robinson deleted after CNN story,WeirdProudAndHungry,politics,1233,131,2024-09-20 20:44:52,https://www.politico.com/news/2024/09/20/mark-robinson-porn-website-deleted-00180319,www.politico.com,news
1flzvh3,Republicans step up effort to change Nebraska voting rules to help Trump | US elections 2024,Travelersofthewind,politics,100,20,2024-09-21 10:20:22,https://www.theguardian.com/us-news/2024/sep/21/republicans-nebraska-trump-electoral-college,www.theguardian.com,us-news
1flza2e,California governor signs law to protect children from social media addiction,9OneOne_,politics,110,10,2024-09-21 09:36:41,https://apnews.com/article/california-social-media-addiction-children-law-bc649326701f892a16be1159bc008d71,apnews.com,article
1fluzpg,Trump is full of big ideas. Too bad they're such bad ones.,pleasureismylife,politics,280,37,2024-09-21 04:28:50,https://www.msnbc.com/opinion/msnbc-opinion/trump-policy-proposals-election-ideas-2024-rcna171633,www.msnbc.com,opinion
1fm1fw1,LZ Experiment Sets New Record in Search for Dark Matter,fchung,technology,14,2,2024-09-21 12:02:51,https://newscenter.lbl.gov/2024/08/26/lz-experiment-sets-new-record-in-search-for-dark-matter/,newscenter.lbl.gov,2024
1flkoda,"Tesla, SpaceX employees are donating to Harris despite Musk backing Trump",chrondotcom,politics,1375,71,2024-09-20 19:42:08,https://www.chron.com/culture/article/tesla-employees-harris-19776979.php,www.chron.com,culture
1fliurd,"What Trump Did to the G.O.P., Musk Did to Twitter",zaparthes,politics,1746,96,2024-09-20 18:22:52,https://www.nytimes.com/2024/09/20/opinion/trump-elon-musk-twitter-x.html,www.nytimes.com,2024
1fm97gb,Texas has spent more than $148 million busing migrants to other parts of the country,Advanced_Aspect_7601,politics,21,8,2024-09-21 18:13:43,https://www.texastribune.org/2024/02/21/texas-migrants-busing-cost-greg-abbott/,www.texastribune.org,2024
1fl3ouk,Cybertruck Owner’s Manual Says Its Hitch Is Only Designed To Support Vertical Loads Up To 160 Pounds,AccomplishedBrain309,technology,4900,292,2024-09-20 04:18:53,https://jalopnik.com/cybertruck-owner-s-manual-says-its-hitch-is-only-design-1851653010?utm_medium=sharefromsite&utm_source=jalopnik_reddit,jalopnik.com,cybertruck-owner-s-manual-says-its-hitch-is-only-design-1851653010
1flxhtc,"Iran backdoors planted across Middle East telecoms, government agencies, Google says",Robert-Nogacki,technology,32,1,2024-09-21 07:21:58,https://therecord.media/iran-backdoors-planted-across-middle-east-telecoms-government-orgs,therecord.media,iran-backdoors-planted-across-middle-east-telecoms-government-orgs
1flpo7g,Kamala Harris To Women Denied Abortion Care After Roe: 'We See You And You Are Not Alone',z8675309z,politics,646,8,2024-09-20 23:32:12,https://www.huffpost.com/entry/kamala-harris-women-denied-abortion-care-roe-we-see-you-and-you-are-not-alone_n_66ede416e4b07bdc7bac8c3e,www.huffpost.com,entry
1fla605,Democrats launch new ad push to tie Trump to Mark Robinson following reported porn website comments,Silent-Resort-3076,politics,5709,173,2024-09-20 11:55:37,https://www.nbcnews.com/politics/2024-election/democrats-launch-new-ad-push-tie-trump-mark-robinson-reported-porn-web-rcna171889,www.nbcnews.com,politics
1fm3up0,How the top election official in America's biggest swing state is preparing for November,redditofthebanned,politics,47,4,2024-09-21 14:08:03,https://www.nbcnews.com/politics/2024-election/top-election-official-americas-biggest-swing-state-preparing-november-rcna171954,www.nbcnews.com,politics
1fm9cbn,Kamala Harris Is All-In for a Second Debate,z8675309z,politics,19,4,2024-09-21 18:19:57,https://www.motherjones.com/politics/2024/09/kamala-harris-is-all-in-for-a-second-presidential-debate/,www.motherjones.com,politics
1fm95p9,"Harris accepts CNN debate invitation for October 23, again challenging Trump to another showdown",P_a_s_g_i_t_24,politics,20,20,2024-09-21 18:11:28,https://cnn.com/2024/09/21/politics/presidential-debate-harris-trump-cnn/index.html?09212024,cnn.com,2024
1flmbnf,"Witnesses said Matt Gaetz attended a sex party with a 17-year-old girl, per latest court filings",bubs713,politics,953,38,2024-09-20 20:54:03,https://www.salon.com/2024/09/20/witnesses-said-matt-gaetz-attended-a-party-with-a-17-year-old-girl-per-latest-filings/,www.salon.com,2024
1fl9d4k,Kamala Harris has room to grow in the polls. Trump can’t say the same.,iymcool,politics,5991,239,2024-09-20 11:08:01,https://www.msnbc.com/opinion/msnbc-opinion/kamala-harris-trump-polls-debate-rcna171827,www.msnbc.com,opinion
1flct8f,Harris Warns of Mass Deportations and Detention Camps if Trump Is Elected,CRTsdidnothingwrong,politics,3321,310,2024-09-20 14:04:09,https://www.nytimes.com/2024/09/18/us/politics/harris-immigration-deportation-trump.html,www.nytimes.com,2024
1flda9j,"In 2020, labelling Trump’s lies as ‘disputed’ on X made supporters believe them more — ‘We can’t pinpoint why disputed tags backfired among Trump voters, but distrust of the platform may have played a role’: study author",marketrent,technology,614,112,2024-09-20 14:24:55,https://www.theguardian.com/technology/2024/sep/20/trump-tweets-false-label-credibility-supporters,www.theguardian.com,technology
1flpydp,GOP scrambles to contain Robinson fallout in North Carolina,Cute-Perception2335,politics,538,69,2024-09-20 23:46:14,https://thehill.com/homenews/campaign/4891581-north-carolina-gubernatorial-candidate-mark-robinson,thehill.com,homenews
1fm4z3i,Saturday Morning Political Cartoon Thread,optimalg,politics,34,62,2024-09-21 15:01:08,https://www.reddit.com/r/politics/comments/1fm4z3i/saturday_morning_political_cartoon_thread/,www.reddit.com,r
1flnfcv,"In Mark Robinson’s fall, Republicans are getting what they asked for",NeonBumble,politics,772,29,2024-09-20 21:43:52,https://www.msnbc.com/opinion/msnbc-opinion/mark-robinson-republicans-north-carolina-porn-forum-rcna171979,www.msnbc.com,opinion
1fm8e87,Election 2024 latest news: Trump to campaign in N.C. amid spotlight on GOP’s nominee for governor - The Washington Post,Beratungsmarketing,politics,18,9,2024-09-21 17:37:02,https://www.washingtonpost.com/elections/2024/09/21/2024-election-campaign-updates-harris-trump/,www.washingtonpost.com,elections
1fldf8h,Mark Robinson and the Republican Wackjob Problem,d-n-y-,politics,2826,179,2024-09-20 14:31:08,https://nymag.com/intelligencer/article/mark-robinson-and-the-republican-whackjob-problem.html,nymag.com,intelligencer
1flva2k,How Dumb Do They Think You Are?,fornuis,politics,198,33,2024-09-21 04:47:32,https://www.thebulwark.com/p/how-dumb-do-they-think-you-are,www.thebulwark.com,p
1fm5fd0,"In his hometown, Trump's alleged would-be assassin acted like he was 'above the law'",StuffMaster,politics,26,13,2024-09-21 15:22:03,https://www.npr.org/2024/09/20/g-s1-23844/ryan-routh-trump-assassion-attempt-suspect-golf-course-greensboro,www.npr.org,2024
1fkys83,Elon Musk officially moves X headquarters from California to Texas,abrownn,technology,10539,1380,2024-09-19 23:55:24,https://www.chron.com/culture/article/x-twitter-hq-texas-musk-19777426.php,www.chron.com,culture
1fm3du8,Election fears ignite 'preppers' already planning for the catastrophic unknown,cuspofgreatness,politics,39,51,2024-09-21 13:45:47,https://www.nbcnews.com/politics/politics-news/election-fears-ignite-preppers-already-planning-catastrophic-unknown-rcna170399,www.nbcnews.com,politics
1fm8vnm,Elon Musk’s X Backs Down in Brazil,BertramPotts,politics,18,8,2024-09-21 17:58:55,https://www.nytimes.com/2024/09/21/world/americas/elon-musk-x-brazil.html?smid=tw-nytimes&smtyp=cur,www.nytimes.com,2024
1flgxh5,Trump Media plummets to new low on the first trading day the former president can sell his shares,CountyBeginning6510,politics,1705,189,2024-09-20 17:00:31,https://abcnews.go.com/Technology/wireStory/trump-media-plummets-new-low-trading-day-former-113874264,abcnews.go.com,Technology
1flls6w,Trump has no plan to pull his endorsement of Mark Robinson after alleged porn site scandal,harleybarley1013,politics,895,113,2024-09-20 20:30:25,https://www.nbcnews.com/news/amp/rcna171988,www.nbcnews.com,news
1flo62i,Mark Robinson scandal  could send shockwaves through NC campaign trail,stark247,politics,635,71,2024-09-20 22:18:00,https://abc11.com/amp/post/mark-robinson-scandal-could-send-shockwaves-campaign-trail-key-battleground-state/15331709/,abc11.com,amp
1flki8s,Intel shares pop on report Qualcomm has approached it about takeover,Georgeika,technology,193,75,2024-09-20 19:34:39,https://www.cnbc.com/2024/09/20/qualcomm-reportedly-approached-intel-about-takeover.html,www.cnbc.com,2024
1flbv8s,Using GPT-4 to generate 100 words consumes up to 3 bottles of water — AI data centers also raise power and water bills for nearby residents,UltraNooob,technology,531,175,2024-09-20 13:21:10,https://www.tomshardware.com/tech-industry/artificial-intelligence/using-gpt-4-to-generate-100-words-consumes-up-to-3-bottles-of-water-ai-data-centers-also-raise-power-and-water-bills-for-nearby-residents,www.tomshardware.com,tech-industry
1fm4g72,Clever Social Engineering Attack Using Captchas,BigIllustrator4131,technology,8,5,2024-09-21 14:36:22,https://isc.sans.edu/diary/rss/31282,isc.sans.edu,diary
1flaxfs,It’s easy to find misinformation on social media. It’s even easier on X. ,Wagamaga,technology,586,24,2024-09-20 12:35:28,https://www.poynter.org/fact-checking/2024/how-elon-musk-twitter-takeover-accelerated-misinformation/,www.poynter.org,fact-checking
1fla783,Bacteria on the space station are evolving for life in space,waozen,technology,405,52,2024-09-20 11:57:34,https://www.newscientist.com/article/2448437-bacteria-on-the-space-station-are-evolving-for-life-in-space/,www.newscientist.com,article
1fl78ds,The EU still wants to scan your private chats,Martin_WK,technology,642,111,2024-09-20 08:34:07,https://www.techradar.com/computing/cyber-security/the-eu-still-wants-to-scan-your-private-chats-heres-what-you-can-do-about-it,www.techradar.com,computing
1flpwlf,Qualcomm reportedly approached Intel about a takeover. Analysts say they could face political scrutiny and 'little overlap.',flintflower,technology,39,7,2024-09-20 23:43:47,https://www.businessinsider.com/intel-qualcomm-takeover-bid-layoffs-foundry-spin-off-2024-9,www.businessinsider.com,intel-qualcomm-takeover-bid-layoffs-foundry-spin-off-2024-9
1fljc9t,NBA 2K25 Will Remove VC Packs In South Korea Due To Mandatory Disclosure Of Probability Information,esporx,technology,92,8,2024-09-20 18:44:25,https://twistedvoxel.com/nba-2k25-remove-vc-packs-mandatory-disclosure-probability-information-south-korea/,twistedvoxel.com,nba-2k25-remove-vc-packs-mandatory-disclosure-probability-information-south-korea
1fll9k2,Insecure software makers are the real cyber villains – CISA,FauxReal,technology,58,10,2024-09-20 20:07:41,https://www.theregister.com/2024/09/20/cisa_sloppy_vendors_cybercrime_villains/,www.theregister.com,2024
1fkxgax,FTC Says Social Media Platforms Engage in 'Vast Surveillance' of Users,draggedbyatruck,technology,2973,115,2024-09-19 22:50:17,https://gizmodo.com/ftc-says-social-media-platforms-engage-in-vast-surveillance-of-users-2000500840,gizmodo.com,ftc-says-social-media-platforms-engage-in-vast-surveillance-of-users-2000500840
1flvm3u,Spyware Injection Into Your ChatGPT's Long-Term Memory (SpAIware),waozen,technology,12,0,2024-09-21 05:09:18,https://embracethered.com/blog/posts/2024/chatgpt-macos-app-persistent-data-exfiltration/,embracethered.com,blog
1fm86es,"Next Generation Developer Day - London, UK - 8th October. Free all day event to learn all about building with and using generative AI",094459,technology,1,0,2024-09-21 17:27:16,https://go.aws/3MQuQsO,go.aws,3MQuQsO
1fl30i8,Ukraine’s Gun-Armed Ground 'Bot Just Cleared A Russian Trench In Kursk,Fit-Requirement6701,technology,1041,72,2024-09-20 03:39:17,https://www.forbes.com/sites/davidaxe/2024/09/19/ukraines-gun-armed-ground-robot-just-cleared-a-russian-trench-in-kursk/,www.forbes.com,sites
1fl7j17,FTC report proves your social media surveillance paranoia is real,BobbyLucero,technology,349,43,2024-09-20 08:57:41,https://www.androidauthority.com/ftc-2024-report-social-media-surveillance-3483396/,www.androidauthority.com,ftc-2024-report-social-media-surveillance-3483396
1fkne95,Brazil threatens X with $900k daily fine for circumventing ban | Semafor,crates-of-bigfoots,technology,10917,786,2024-09-19 15:18:36,https://www.semafor.com/article/09/19/2024/elon-musks-x-restores-service-in-brazil-despite-ban,www.semafor.com,article
1flnh38,Senate Vote Could Give Helping Hand To Patent Trolls,Anoth3rDude,technology,32,5,2024-09-20 21:46:03,https://www.eff.org/deeplinks/2024/09/senate-vote-tomorrow-could-give-helping-hand-patent-trolls,www.eff.org,deeplinks
1flbhaw,Apple put on notice over support for third-party watches and headphones,traffic-robot,technology,113,60,2024-09-20 13:02:47,https://www.theverge.com/2024/9/20/24249738/eu-dma-apple-ios-iphone-interoperability-smartwatches-headphones,www.theverge.com,2024
1fm3nux,"Interesting Engineering: Pudu unveils super semi-humanoid robot with 8-hour battery, 10kg lift power",BothZookeepergame612,technology,1,17,2024-09-21 13:59:20,https://interestingengineering.com/innovation/pudu-d7-semi-humanoid-robot,interestingengineering.com,innovation
1flig3z,"Chinese ""typhoon"" hackers threaten U.S. infrastructure",Fit-Requirement6701,technology,35,5,2024-09-20 18:05:28,https://www.axios.com/2024/09/20/china-critical-infrastructure-cyberattacks,www.axios.com,2024
1flzfv3,IBM Reduces Workforce: The Impact of AI on Employment,LollipopChainsawZz,technology,2,8,2024-09-21 09:49:04,https://nayrabizsphere.com/2024/09/ibms-ai-strategy-leads-to-job-cuts/,nayrabizsphere.com,2024
1fllh7d,Unique Combination of Microbes Could Treat Antibiotic-Resistant Infections | Technology Networks,FollowTheLeads,technology,24,1,2024-09-20 20:17:08,https://www.technologynetworks.com/immunology/news/unique-combination-of-microbes-could-treat-antibiotic-resistant-infections-391189,www.technologynetworks.com,immunology
1fl9z12,Mistrial declared for ex-AT&T exec accused of bribing government official,AdSpecialist6598,technology,98,4,2024-09-20 11:44:41,https://arstechnica.com/tech-policy/2024/09/mistrial-declared-for-ex-att-exec-accused-of-bribing-government-official/,arstechnica.com,tech-policy
1fkj7sc,Palworld maker vows to fight Nintendo lawsuit on behalf of fans and indie developers,ardi62,technology,8561,938,2024-09-19 12:08:40,https://www.eurogamer.net/palworld-developer-vows-to-fight-nintendo-lawsuit-on-behalf-of-fans-and-indie-developers,www.eurogamer.net,palworld-developer-vows-to-fight-nintendo-lawsuit-on-behalf-of-fans-and-indie-developers
1fkyleg,Chipmaker Qualcomm lays off hundreds of workers in San Diego,McFatty7,technology,852,81,2024-09-19 23:45:56,https://techcrunch.com/2024/09/19/chipmaker-qualcomm-lays-off-hundreds-of-workers-in-san-diego/,techcrunch.com,2024
1flt36u,"Lawson to work with KDDI, M'bishi Corp. to open 'convenience stores of the future' in Japan ",Saltedline,technology,6,3,2024-09-21 02:36:03,https://mainichi.jp/english/articles/20240920/p2a/00m/0bu/021000c,mainichi.jp,english
1fl2xg4,Exploding Pagers Sound Global Alarm for Supply-Chain Security,caveatlector73,technology,396,447,2024-09-20 03:34:25,https://www.bloomberg.com/news/articles/2024-09-19/exploding-pagers-sound-global-alarm-for-supply-chain-security?srnd=phx-technology,www.bloomberg.com,news
1flgcik,Former Snap Spectacles engineer says the new glasses are ‘obviously bad’,lurker_bee,technology,30,8,2024-09-20 16:35:21,https://www.theverge.com/2024/9/20/24249807/snap-spectacles-ar-glasses-developer-bad-comment,www.theverge.com,2024
1fkldkx,Iranian Hackers Tried to Tempt Biden’s Campaign With Stolen Trump Info | Hackers have been shopping the information around since the summer when they successfully spear phished a former senior campaign advisor.,chrisdh79,technology,3936,186,2024-09-19 13:51:54,https://gizmodo.com/iranian-hackers-tried-to-tempt-bidens-campaign-with-stolen-trump-info-2000500701,gizmodo.com,iranian-hackers-tried-to-tempt-bidens-campaign-with-stolen-trump-info-2000500701
1fkvqak,LinkedIn scraping user content for its AI without asking,jluizsouzadev,technology,936,67,2024-09-19 21:31:11,https://www.theregister.com/2024/09/19/linkedin_ai_data_access/?td=rt-3a,www.theregister.com,2024
1fl7jqv,Have Hezbollah's secret communications been compromised?,JeffCook78,technology,100,137,2024-09-20 08:59:15,https://www.newsweek.com/hezbollah-communications-compromised-pager-attacks-1956406,www.newsweek.com,hezbollah-communications-compromised-pager-attacks-1956406
1fkzw9b,The United Nations Wants to Treat AI With the Same Urgency as Climate Change,MetaKnowing,technology,426,99,2024-09-20 00:51:36,https://www.wired.com/story/united-nations-artificial-intelligence-report/,www.wired.com,story
1fm96l5,Apple’s Update Decision—Google Ridicules iPhone As Bad News Confirmed,Fit-Requirement6701,technology,0,1,2024-09-21 18:12:39,https://www.forbes.com/sites/zakdoffman/2024/09/21/apples-ios-18-update-googles-new-warning-for-millions-of-phone-15-iphone-16-users/,www.forbes.com,sites
1fll1xy,Qualcomm Approached Intel About a Takeover in Recent Days,notyour_motherscamry,technology,11,5,2024-09-20 19:58:37,https://www.wsj.com/business/deals/qualcomm-approached-intel-about-a-takeover-in-recent-days-fa114f9d?mod=hp_lead_pos1,www.wsj.com,business
1fkpot0,Low cognitive ability intensifies the link between social media use and anti-immigrant attitudes,a_Ninja_b0y,technology,1513,146,2024-09-19 16:54:54,https://www.psypost.org/low-cognitive-ability-intensifies-the-link-between-social-media-use-and-anti-immigrant-attitudes/,www.psypost.org,low-cognitive-ability-intensifies-the-link-between-social-media-use-and-anti-immigrant-attitudes
1fkjulu,Microsoft Executive Warns of Election Meddling in Final 48 Hours,Fit-Requirement6701,technology,3234,173,2024-09-19 12:40:45,https://www.bloomberg.com/news/articles/2024-09-18/microsoft-executive-warns-of-election-meddling-in-final-48-hours,www.bloomberg.com,news
1fksp6m,Apple introduces California driver’s licenses and state IDs in Apple Wallet as part of California DMV’s mDL pilot program,Puginator,technology,996,109,2024-09-19 19:00:12,https://www.apple.com/newsroom/2024/09/apple-brings-california-drivers-licenses-and-state-ids-to-apple-wallet/,www.apple.com,newsroom
1fkp5wm,Tor anonymity infiltrated: Law enforcement monitors servers successfully ,a_Ninja_b0y,technology,1502,74,2024-09-19 16:32:54,https://www.ghacks.net/2024/09/19/tor-anonymity-infiltrated-law-enforcement-monitors-servers-successfully/,www.ghacks.net,2024
1fkn1wy,"Palworld developer has no idea why Nintendo’s suing over its Pokémon-like game | In a statement released earlier today, Pocketpair said it isnt aware of any patents it infringed in developing Palworld.",chrisdh79,technology,1829,256,2024-09-19 15:04:11,https://www.theverge.com/2024/9/19/24248957/pocketpair-pokemon-patent-infrigement-lawsuit,www.theverge.com,2024
1fl6yma,"Canada’s Leaders Must Reject Overbroad Age Verification Bill | Canadian lawmakers are considering a bill, S-210, that’s meant to benefit children, but would sacrifice the security, privacy, and free speech of all internet users",a_Ninja_b0y,technology,71,8,2024-09-20 08:12:52,https://www.eff.org/deeplinks/2024/09/canadas-leaders-must-reject-overbroad-age-verification-bill,www.eff.org,deeplinks
1fl32t3,"Social media and online video firms are conducting ‘vast surveillance’ on users, FTC finds ",caveatlector73,technology,162,12,2024-09-20 03:43:01,https://www.theguardian.com/technology/2024/sep/19/social-media-companies-surveillance-ftc,www.theguardian.com,technology
1fl80rp,Huawei's trifold smartphone is launching the same day as the iPhone 16 — and it's already creating a frenzy on resale sites,ControlCAD,technology,42,135,2024-09-20 09:35:23,https://www.businessinsider.com/huawei-mate-xt-resale-prices-skyrocket-apple-2024-9,www.businessinsider.com,huawei-mate-xt-resale-prices-skyrocket-apple-2024-9
1fl8mvp,"Seeking to counter China, US awards $3 billion for EV battery production in 14 states",spherocytes,technology,41,3,2024-09-20 10:20:01,https://apnews.com/article/ev-batteries-lithium-biden-harris-china-3eaa57b34878a23dd55fe167eb8095f2,apnews.com,article
1fll776,"Tech giants push to dilute Europe's AI Act
",CatUsaUk,technology,6,3,2024-09-20 20:04:45,https://www.reuters.com/technology/artificial-intelligence/tech-giants-push-dilute-europes-ai-act-2024-09-20/,www.reuters.com,technology
1fkbjtk,YouTube confirms your pause screen is now fair game for ads,ardi62,technology,15726,2280,2024-09-19 03:27:57,https://www.theverge.com/2024/9/18/24248391/youtube-pause-ads-widely-rolling-out,www.theverge.com,2024
1flbzwu,"S. Korea, Czech Republic agree to team up for full cycle of nuclear energy industry",Saltedline,technology,19,0,2024-09-20 13:27:09,https://m-en.yna.co.kr/view/AEN20240920009051315?section=national/politics,m-en.yna.co.kr,view
1fm7cq1,Can AI Companions Help Cure the Loneliness Epidemic?,newzee1,technology,0,15,2024-09-21 16:50:11,https://www.wsj.com/health/wellness/ai-companions-loneliness-f6b16e98?st=mv1x9R,www.wsj.com,health
1fks4ck,Disney to Stop Using Slack Following Hack That Exposed Company Data,habichuelacondulce,technology,483,22,2024-09-19 18:35:20,https://www.wsj.com/business/disney-to-stop-using-slack-following-hack-that-exposed-company-data-c5311caf,www.wsj.com,business
1fm3w7h,"How Apple, Google, and Microsoft can save us from AI deepfakes",Franco1875,technology,0,2,2024-09-21 14:09:58,https://www.zdnet.com/article/how-apple-google-and-microsoft-can-save-us-from-ai-deepfakes/,www.zdnet.com,article
1fkhz5b,Justice Department disrupts vast Chinese hacking operation that infected consumer devices,zsreport,technology,1730,32,2024-09-19 10:57:04,https://apnews.com/article/fbi-justice-department-chinese-hacking-84e16185ae16367443a5e083adb74c8c,apnews.com,article
1flakwn,Microsoft’s AI Power Needs Prompt Revival of Three Mile Island Nuclear Plant,ead09,technology,15,5,2024-09-20 12:17:29,https://www.bnnbloomberg.ca/business/technology/2024/09/20/microsofts-ai-power-needs-prompt-revival-of-three-mile-island-nuclear-plant/,www.bnnbloomberg.ca,business
1fknea1,F.T.C. Study Finds ‘Vast Surveillance’ of Social Media Users,whosthesixth,technology,739,60,2024-09-19 15:18:37,https://www.nytimes.com/2024/09/19/technology/ftc-meta-tiktok-privacy-surveillance.html,www.nytimes.com,2024
1flydff,Qualcomm Approached Intel About a Takeover in Recent Days,n1ght_w1ng08,technology,0,0,2024-09-21 08:28:09,https://www.wsj.com/business/deals/qualcomm-approached-intel-about-a-takeover-in-recent-days-fa114f9d,www.wsj.com,business
1fkkmcp,Billionaire tech CEO says bosses shouldn't 'BS' employees about the impact AI will have on jobs,MetaKnowing,technology,904,178,2024-09-19 13:17:40,https://www.cnbc.com/2024/09/19/billionaire-tech-ceo-bosses-shouldnt-bs-employees-about-ai-impact.html,www.cnbc.com,2024
1flz0c8,Bank of Canada: AI could boost inflationary pressures in short-term,Advanced_Drink_8536,technology,0,1,2024-09-21 09:16:06,https://www.reuters.com/markets/bank-canada-ai-could-boost-inflationary-pressures-short-term-2024-09-20/,www.reuters.com,markets
1fkjwd6,Massive China-state IoT botnet went undetected for four years—until now,AdSpecialist6598,technology,863,79,2024-09-19 12:43:13,https://arstechnica.com/security/2024/09/massive-china-state-iot-botnet-went-undetected-for-four-years-until-now/,arstechnica.com,security
1fkhqgo,Lebanon bans pagers and walkie-talkies on flights,marketrent,technology,1084,347,2024-09-19 10:41:05,https://www.ynetnews.com/article/h1qaq00kp0,www.ynetnews.com,article
1fld9mo,Chechnya’s Kadyrov sends two Tesla Cybertrucks to Russian troops Ukraine as his own is disabled,duckanroll,technology,6,8,2024-09-20 14:24:08,https://novayagazeta.eu/articles/2024/09/20/chechnyas-kadyrov-sends-two-tesla-cybertrucks-to-ukraine-as-his-own-is-disabled-en-news,novayagazeta.eu,articles
1fl390z,Microsoft releases a new Windows app called Windows App for running Windows apps,ardi62,technology,41,64,2024-09-20 03:53:20,https://arstechnica.com/gadgets/2024/09/microsoft-releases-a-new-windows-app-called-windows-app-for-running-windows-apps/?comments=1,arstechnica.com,gadgets
1fkebs0,"Forget tedious paper applications, Americans can now renew passports online",a_Ninja_b0y,technology,1938,100,2024-09-19 06:21:31,https://www.npr.org/2024/09/18/g-s1-23620/americans-passport-renew-online,www.npr.org,2024
1fk2fbz,Apple iPhone 16 demand is so weak that employees can already buy it on discount,lurker_bee,technology,21538,2957,2024-09-18 20:13:57,https://qz.com/apple-iphone-16-pre-orders-sales-intelligence-ai-1851651638,qz.com,apple-iphone-16-pre-orders-sales-intelligence-ai-1851651638
1flom32,AI has returned chipmaking to the heart of computer technology,MarshallGrover,technology,0,2,2024-09-20 22:39:22,https://www.economist.com/technology-quarterly/2024/09/16/ai-has-returned-chipmaking-to-the-heart-of-computer-technology,www.economist.com,technology-quarterly
1fkg9y6,Google is going to show you even more ads on YouTube soon,thegravity98ms2,technology,910,353,2024-09-19 08:53:41,https://www.xda-developers.com/youtube-ads-pause-video/,www.xda-developers.com,youtube-ads-pause-video
1flynd9,Tips to prevent oversharing information about your kids online,KalkiKalpa,technology,0,16,2024-09-21 08:48:46,https://www.usatoday.com/story/tech/problemsolved/2024/09/20/how-to-protect-child-info-online/75208085007/,www.usatoday.com,story
1fkwi1j,How Lebanon's wireless paging system was weaponized to make Hezbollah devices explode,Zealousideal-Ask4232,technology,67,47,2024-09-19 22:05:16,https://www.voanews.com/a/how-lebanon-s-wireless-paging-system-was-weaponized-to-make-hezbollah-devices-explode/7791044.html,www.voanews.com,a
1fkslw0,FTC Staff Report Finds Large Social Media and Video Streaming Companies Have Engaged in Vast Surveillance of Users with Lax Privacy Controls and Inadequate Safeguards for Kids and Teens,net_dev_ops,technology,112,7,2024-09-19 18:55:52,https://www.ftc.gov/news-events/news/press-releases/2024/09/ftc-staff-report-finds-large-social-media-video-streaming-companies-have-engaged-vast-surveillance,www.ftc.gov,news-events
1fllgbw,AI tools help uncover enzyme mechanisms for lasso peptides,FollowTheLeads,technology,1,0,2024-09-20 20:16:05,https://phys.org/news/2024-09-ai-tools-uncover-enzyme-mechanisms.html,phys.org,news
1fkjfe5,“Dead Internet theory” comes to life with new AI-powered social media app,polimeema,technology,339,52,2024-09-19 12:19:36,https://arstechnica.com/information-technology/2024/09/dead-internet-theory-comes-to-life-with-new-ai-powered-social-media-app/,arstechnica.com,information-technology
1fl8ybe,Taiwan questions two in probe into Hezbollah pagers,MyNameCannotBeSpoken,technology,4,7,2024-09-20 10:42:20,https://www.timesofisrael.com/liveblog_entry/taiwan-questions-two-in-probe-into-hezbollah-pagers/,www.timesofisrael.com,liveblog_entry
1fk7v14,Nintendo and Pokémon are suing Palworld maker Pocketpair,esporx,technology,2511,496,2024-09-19 00:19:56,https://www.theverge.com/2024/9/18/24248602/nintendo-pokemon-palworld-pocketpair-patent-infringement-lawsuit,www.theverge.com,2024
1fkkupa,"Is That AI? Or Does It Just Suck? AI is becoming synonymous with things that are unbelievable, generic, or just a little bit off",StrngBrew,technology,220,16,2024-09-19 13:28:30,https://nymag.com/intelligencer/article/is-that-ai-or-does-it-just-suck.html,nymag.com,intelligencer
1fjz1fh,"Amazon CEO Andy Jassy ordered a five-day return to office policy, but research suggests he’ll backtrack next year",marketrent,technology,6143,282,2024-09-18 17:51:03,https://fortune.com/2024/09/18/amazon-andy-jassy-ordering-full-time-return-to-office-rto-research-backtrack/,fortune.com,2024
1fk9w2s,U.S. and allies seize control of massive Chinese tech spying network,taike0886,technology,1165,27,2024-09-19 02:00:59,https://www.msn.com/en-us/news/world/u-s-and-allies-seize-control-of-massive-chinese-tech-spying-network/ar-AA1qNHb6,www.msn.com,en-us
1fjvr5y, Walkie talkies explode in Lebanon at funeral for those killed in pager attack,geoxol,technology,8004,1736,2024-09-18 15:34:04,https://abc7.com/post/explosions-witnessed-beirut-funeral-hezbollah-members-child-killed-pager-attack/15320074/,abc7.com,post
1fl2zje,Palantir Wins $100 Million US Contract for AI Targeting Tech,caveatlector73,technology,10,4,2024-09-20 03:37:49,https://www.bloomberg.com/news/articles/2024-09-19/palantir-wins-100-million-us-contract-for-ai-targeting-tech?srnd=phx-technology,www.bloomberg.com,news
1fkesq3,Forced and Child Labor Abuses Found in 75% of Lithium Battery Supply Chains,Stock-Traffic-9468,technology,359,43,2024-09-19 06:57:31,https://www.wardsauto.com/suppliers/forced-and-child-labor-abuses-found-in-75-of-lithium-battery-supply-chains,www.wardsauto.com,suppliers
1fkp5jq,28 Years Later: Danny Boyle’s New Zombie Flick Was Shot on an iPhone 15,Fit-Requirement6701,technology,59,7,2024-09-19 16:32:28,https://www.wired.com/story/28-years-later-danny-boyles-new-zombie-flick-was-shot-on-an-iphone-15/,www.wired.com,story
